{
  "baseline": {
    "overall": {
      "mr": 0.7905023097991943,
      "ap": 0.6486333530530846,
      "ji": 0.4882417321205139,
      "num_images": 4370,
      "num_gt": 99481
    },
    "sparse": {
      "mr": 0.5560492277145386,
      "ap": 0.7714139799910589,
      "ji": 0.6096510887145996,
      "num_images": 1182,
      "num_gt": 7365
    },
    "medium": {
      "mr": 0.6788957715034485,
      "ap": 0.7377203701643835,
      "ji": 0.5713925361633301,
      "num_images": 1881,
      "num_gt": 29629
    },
    "dense": {
      "mr": 0.8707412481307983,
      "ap": 0.5884431634324877,
      "ji": 0.4388306140899658,
      "num_images": 1307,
      "num_gt": 62487
    }
  },
  "ours-const": {
    "overall": {
      "mr": 0.806182324886322,
      "ap": 0.6549160502128896,
      "ji": 0.47583645582199097,
      "num_images": 4370,
      "num_gt": 99481
    },
    "sparse": {
      "mr": 0.5887123346328735,
      "ap": 0.7722053980296433,
      "ji": 0.5948988795280457,
      "num_images": 1182,
      "num_gt": 7365
    },
    "medium": {
      "mr": 0.6961541175842285,
      "ap": 0.7486536574450632,
      "ji": 0.561932384967804,
      "num_images": 1881,
      "num_gt": 29629
    },
    "dense": {
      "mr": 0.8855491280555725,
      "ap": 0.5906742929406623,
      "ji": 0.4257563054561615,
      "num_images": 1307,
      "num_gt": 62487
    }
  },
  "ours-adaptive": {
    "overall": {
      "mr": 0.8403217196464539,
      "ap": 0.6251678180535022,
      "ji": 0.44796282052993774,
      "num_images": 4370,
      "num_gt": 99481
    },
    "sparse": {
      "mr": 0.6264270544052124,
      "ap": 0.7508356823362599,
      "ji": 0.574607789516449,
      "num_images": 1182,
      "num_gt": 7365
    },
    "medium": {
      "mr": 0.732866644859314,
      "ap": 0.7251390526390327,
      "ji": 0.5358448028564453,
      "num_images": 1881,
      "num_gt": 29629
    },
    "dense": {
      "mr": 0.9127302169799805,
      "ap": 0.5557136017770126,
      "ji": 0.39782291650772095,
      "num_images": 1307,
      "num_gt": 62487
    }
  }
}